,raw,detrended
count,40000.0,40000.0
mean,6485051.931925,6485051.93192502
std,8944.22640705116,8884.134193830147
CV%,61.41274329877417,61.41309239035921
min,6448255.0,6447553.362029048
25%,6478904.0,6478976.448674501
50%,6484957.5,6484954.91620942
75%,6491091.0,6491048.894513803
max,6521028.0,6519826.863818923
